AET,241,0.0,0.0,63.91,63.389999
BA,241,0.0,0.0,104.919998,103.919998
CPB,241,0.5817086374982926,2.1853903850667753,43.290001,43.18
DLTR.O,241,0.34760971265398666,1.4096268952293336,53.18,52.700001
EOG,241,0.0,0.0,157.5,157.050003
FB.O,241,0.11051709180756478,0.09048374180359596,42.02,41.290001
GM,241,0.35479764343959874,0.25422989241919236,34.5,34.080002
GS,241,0.7070728839477639,3.1900596380233077,153.770004,152.130005
JNJ,241,0.40495764227280096,0.22224546620451535,86.779999,86.410004
M,241,0.34760971265398666,1.4096268952293336,44.68,44.43
MSFT.O,241,0.35946317129377725,1.7804327427939743,33.369999,33.400002
TGT,241,0.649238193904835,0.38599161682011174,63.25,63.310001
VZ,241,2.3621228479934,1.4424675960583344,47.830002,47.380001
WMT,241,0.0,0.0,72.639999,72.980003
BA,245,0.22224546620451535,0.40495764227280096,105.129997,105.010002
BMY,245,0.32928698165641584,1.0932712802343052,42.009998,41.720001
CBS,245,0.0,0.0,52.619999,53.5
VZ,245,1.0992885758486295,1.3641451769647943,45.52,46.009998
AMGN.O,246,0.244280551632034,0.1637461506155964,111.32,113.019997
AAPL.O,246,0.22224546620451535,0.40495764227280096,499.560005,498.690025
BAC,246,0.0,0.0,14.21,14.32
HRB,246,0.26812801841425576,0.5967298790565082,27.1,27.700001
BA,246,2.4863573903653613,1.3221624327381665,105.050003,106.370003
BMY,246,0.22224546620451535,0.40495764227280096,41.75,41.990002
CBS,246,0.6671837256838968,1.813593397770141,54.099998,54.599998
CVX,246,0.0,0.0,120.349998,120.860001
C,246,0.0,0.0,49.310001,49.599998
FB.O,246,0.3032653298563167,0.8243606353500641,42.009998,41.779999
GS,246,0.0,0.0,154.759995,155.740005
LLY,246,0.22224546620451535,0.40495764227280096,51.360001,52.18
LMT,246,0.5713933482705724,1.4210905144065724,123.349998,124.269997
MSFT.O,246,1.4563986230142432,4.06190020159387,31.389999,31.200001
MS,246,0.3274923012311928,0.488561103264068,26.27,26.51
VZ,246,1.0391091151267586,2.7686471972652393,45.709999,46.779999
VIAB.O,246,0.22224546620451535,0.40495764227280096,79.690002,80.099998
WFC,246,1.0932712802343052,0.32928698165641584,41.360001,41.5
AAPL.O,247,1.4655828136160822,3.5099022326658247,500.250008,495.269974
BCR,247,0.22224546620451535,0.40495764227280096,116.459999,116.779999
HRB,247,0.0,0.0,27.68,27.040001
BA,247,1.1268487014609851,1.0871830024536098,106.160004,106.650002
CHK,247,0.09048374180359596,0.11051709180756478,26.18,26.170001
COP,247,0.36591269376653923,2.213642800041255,67.660004,67.769997
DAL,247,1.4792628970544168,0.9785251755612507,20.33,20.25
DG,247,0.38599161682011174,0.649238193904835,56.580002,57.380001
XOM,247,0.1637461506155964,0.244280551632034,88.059998,87.349998
F,247,1.4096268952293336,0.34760971265398666,17.1,17.299999
GS,247,0.11051709180756478,0.09048374180359596,155.990005,156.169998
LMT,247,0.7639366344367052,0.8440700344525806,123.580002,124.139999
MU.O,247,0.0,0.0,14.95,15.17
MSFT.O,247,3.193203614936134,1.480872129104082,31.1,31.23
NWSA.DF,247,0.09048374180359596,0.11051709180756478,15.97,16.24
NWS.O,247,0.09048374180359596,0.11051709180756478,16.200001,16.389999
PG,247,0.6585739633128317,2.1865425604686104,77.580002,77.139999
QCOM.O,247,0.5770431096441141,0.6591875346919933,67.330002,67.830002
VZ,247,0.09048374180359596,0.11051709180756478,47.110001,46.639999
WMB,247,0.9449011653032021,0.5185727544772025,35.240002,35.130001
AAPL.O,248,0.634816605279011,1.095811860760852,498.43998,498.220001
T,248,0.6872136208601042,0.37864511022182057,33.5,33.41
ADP.O,248,0.6137824216638815,1.11484437715366,72.450004,73.130005
BBY,248,0.09048374180359596,0.11051709180756478,37.360001,37.02
BA,248,0.0,0.0,107.0,106.07
COST.O,248,0.7869259594911536,0.6442804834308056,114.300003,114.349998
FB.O,248,0.38599161682011174,0.649238193904835,43.09,43.950001
GPS,248,0.09048374180359596,0.11051709180756478,40.82,40.389999
GS,248,0.09048374180359596,0.11051709180756478,156.979996,156.660004
JPM,248,0.1637461506155964,0.244280551632034,52.41,52.560001
M,248,0.35946317129377725,1.7804327427939743,46.099998,45.080002
MSFT.O,248,0.4444909324090307,0.8099152845456019,31.309999,31.15
MS,248,0.0,0.0,26.83,26.809999
MSI,248,0.4444909324090307,0.8099152845456019,56.169998,56.470001
VZ,248,0.11051709180756478,0.09048374180359596,47.009998,46.34
WMT,248,0.0,0.0,72.699997,72.589996
GS,251,0.3032653298563167,0.8243606353500641,157.410004,159.490005
MS,251,0.3032653298563167,0.8243606353500641,26.959999,27.440001
JWN,251,0.1637461506155964,0.244280551632034,56.66,56.580002
AXP,252,0.0,0.0,74.220001,74.599998
APA,252,0.09048374180359596,0.11051709180756478,87.650002,87.260002
AAPL.O,252,4.542287471252899,4.653776619393169,506.199997,494.639999
BAC,252,0.22224546620451535,0.40495764227280096,14.52,14.61
BA,252,1.1482623269174395,1.766356940921362,107.639999,108.169998
CVX,252,0.0,0.0,122.82,123.010002
CMCSA.O,252,0.0,0.0,42.450001,42.84
FE,252,0.11051709180756478,0.09048374180359596,37.400002,37.869999
GM,252,0.09048374180359596,0.11051709180756478,36.939999,37.0
GS,252,0.48423281346350866,1.0453948189651936,162.979996,165.139999
HCA,252,0.34760971265398666,1.4096268952293336,39.029999,39.34
JEC,252,1.112204613136874,0.580857226422367,58.869999,58.509998
JPM,252,1.9351362776457783,5.2415947038117485,53.830002,53.669998
KMI,252,0.09048374180359596,0.11051709180756478,36.330002,37.049999
MSFT.O,252,0.26812801841425576,0.5967298790565082,31.9,32.389999
MS,252,0.3032653298563167,0.8243606353500641,27.67,28.040001
ORCL.N,252,2.1865425604686104,0.6585739633128317,32.799999,32.860001
PVH,252,0.32928698165641584,1.0932712802343052,127.040001,124.660004
QCOM.O,252,0.0,0.0,69.389999,70.089996
TWX,252,0.0,0.0,62.439995,62.940002
VZ,252,0.5889941858548223,0.6290608858627599,45.959999,46.470001
WMT,252,0.32928698165641584,1.0932712802343052,73.660004,73.959999
WDC.O,252,0.3274923012311928,0.488561103264068,65.75,66.089996
XRX,252,0.488561103264068,0.3274923012311928,10.15,10.22
ATVI.O,253,0.09048374180359596,0.11051709180756478,17.219999,17.18
AAPL.O,253,1.3439598454689843,1.5319272550828926,467.009995,467.709984
T,253,0.0,0.0,33.98,33.970001
BAC,253,0.11051709180756478,0.09048374180359596,14.56,14.65
BRKa.N,253,1.09248865376432,0.8999952089128249,113.559998,114.279999
BBY,253,0.8243606353500641,0.3032653298563167,37.82,37.900002
CAG,253,0.5515324478609311,1.4982289225071062,31.789999,31.89
EQT,253,0.649238193904835,0.38599161682011174,85.870003,87.279999
FB.O,253,0.3032653298563167,0.8243606353500641,43.389999,45.040001
F,253,0.8776667442572057,0.9373657932685497,17.5,17.540001
GM,253,1.6487212707001282,0.6065306597126334,36.529999,36.349998
GS,253,0.7432796498196449,0.885925125879993,164.929993,165.059998
HPQ,253,0.11051709180756478,0.09048374180359596,22.309999,22.269999
IBM,253,0.9204323763531667,0.5349746742126267,186.830002,190.699997
LMT,253,0.09048374180359596,0.11051709180756478,124.910004,126.57
MRO,253,0.18096748360719192,0.22103418361512955,35.77,36.490002
MCD,253,3.6713825773955135,0.8094100843911505,96.660004,97.459999
MSFT.O,253,2.6047933781440387,0.662728501150094,32.57,32.740002
NKE,253,0.5210341836151295,0.48096748360719194,66.980003,67.589996
VZ,253,1.0932712802343052,0.32928698165641584,46.490002,46.52
V,253,0.5210341836151295,0.48096748360719194,185.0,186.309998
ATVI.O,254,0.5515324478609311,1.4982289225071062,17.139999,16.9
AIG,254,0.26812801841425576,0.5967298790565082,49.900002,49.279999
AAPL.O,254,1.5783789623523412,5.711954923722162,468.500015,472.690018
BAC,254,0.5967298790565082,0.26812801841425576,14.65,14.48
CHK,254,0.35946317129377725,1.7804327427939743,26.930002,26.92
CVX,254,0.1637461506155964,0.244280551632034,124.050003,123.889999
COP,254,0.32928698165641584,1.0932712802343052,69.190002,68.779999
DAL,254,0.22224546620451535,0.40495764227280096,22.33,22.17
EOG,254,0.11051709180756478,0.09048374180359596,167.539993,167.990005
XOM,254,0.0,0.0,88.589996,87.980003
GD,254,0.0,0.0,87.019997,86.629997
GM,254,0.5967298790565082,0.26812801841425576,36.369999,36.369999
GS,254,1.1802467531321164,1.71619694208816,164.839996,163.350006
HPQ,254,0.5967298790565082,0.26812801841425576,22.21,21.959998
IP,254,0.18096748360719192,0.22103418361512955,49.100001,48.13
LMT,254,0.0,0.0,126.309998,126.540001
MS,254,0.3032653298563167,0.8243606353500641,28.200001,28.02
MSI,254,0.40495764227280096,0.22224546620451535,57.349998,57.5
NFLX.O,254,0.3032653298563167,0.8243606353500641,301.839993,301.409996
NKE,254,0.5967298790565082,0.26812801841425576,67.959999,68.080002
ORCL.N,254,0.41378242166388146,0.9148443771536601,33.009998,32.790001
QCOM.O,254,0.5154747340803657,0.3127292080081113,68.730003,68.809998
UAL,254,0.22224546620451535,0.40495764227280096,32.740002,31.690001
VZ,254,3.771850941171343,3.948239533066473,46.599998,47.349998
V,254,0.5967298790565082,0.26812801841425576,186.429993,185.059998
WFC,254,0.0,0.0,42.52,42.259998
AAPL.O,255,1.531364734691888,1.8494309686933144,469.339981,464.899986
BLK,255,0.5967298790565082,0.26812801841425576,262.390015,264.630005
BA,255,1.7338197224146836,1.0868680823509382,109.93,111.330002
CBS,255,0.32928698165641584,1.0932712802343052,55.18,55.459999
SCHW.N,255,0.26812801841425576,0.5967298790565082,22.17,22.030001
FB.O,255,1.6772201772248887,3.700686791355176,45.040001,44.310001
GM,255,0.6065306597126334,1.6487212707001282,36.490002,36.060001
GS,255,0.6065306597126334,1.6487212707001282,164.380005,164.0
HON,255,0.1637461506155964,0.244280551632034,84.019997,84.050003
HPQ,255,2.213642800041255,0.36591269376653923,21.959998,22.07
JNJ,255,0.09048374180359596,0.11051709180756478,89.129997,88.57
KR,255,0.5362560368285115,1.1934597581130164,38.84,39.029999
LMT,255,0.40495764227280096,0.22224546620451535,126.970001,127.25
MSFT.O,255,0.6631025508453886,0.5429024508215757,32.77,33.029999
ORCL.N,255,0.0,0.0,32.84,32.459999
RTN,255,0.09048374180359596,0.11051709180756478,77.800003,78.480003
VZ,255,2.645831258362947,9.421643767227346,47.799999,47.759998
WMT,255,0.9134174271111857,0.9318407530837128,74.129997,74.360001
CVX,258,0.0,0.0,124.980003,124.080002
ORCL.N,258,0.649238193904835,0.38599161682011174,32.84,32.970001
AAPL.O,259,0.6608382570791101,1.3647225056450931,447.959999,455.320007
BAC,259,0.0,0.0,14.53,14.55
BA,259,1.4686990018012223,1.5590146716008695,115.779999,117.110001
CSCO.O,259,0.0,0.0,24.389999,24.370001
F,259,1.0643499790013764,1.5878235856082208,17.35,17.440001
GS,259,0.11051709180756478,0.09048374180359596,167.190002,167.419998
JPM,259,2.5654259949397384,3.8897331609712955,53.189999,53.09
ADBE.O,260,0.40495764227280096,0.22224546620451535,51.68,52.580002
AAPL.O,260,2.564950450480743,2.008532928578842,463.18,464.680008
T,260,0.22224546620451535,0.40495764227280096,34.73,34.950001
BRKa.N,260,0.1637461506155964,0.244280551632034,115.389999,116.699997
BA,260,6.655760979972793,4.507595685675869,117.279999,118.400002
CVX,260,0.09048374180359596,0.11051709180756478,124.360001,125.82
C,260,0.7857031671115693,2.929770882266232,51.02,52.209999
FB.O,260,0.5255107960608321,1.229318277622865,44.84,45.23
F,260,0.0,0.0,17.360001,17.629999
GM,260,0.0,0.0,36.759998,37.580002
JPM,260,1.2548578423015713,2.6707906286183425,52.689999,53.41
LMT,260,1.3321792935063017,2.3642644017139745,129.649994,130.839996
MSFT.O,260,1.0589744489561643,2.4999773704603303,32.990002,33.32
MS,260,0.0,0.0,28.91,29.02
NUE,260,0.4080267022476304,0.4080267022476304,49.490002,50.869999
ORCL.N,260,0.3274923012311928,0.488561103264068,33.209999,33.869999
SYMC.O,260,0.6887714840410647,0.9736614351611983,25.26,25.360001
MOS,260,0.5032653298563168,1.024360635350064,44.91,45.130001
ATVI.O,261,0.3032653298563167,0.8243606353500641,17.0,17.1
ADBE.O,261,0.6402215092393041,1.0040358373444338,52.049999,51.869999
AAPL.O,261,4.0997450538942966,1.4732776921329256,470.700012,472.299995
T,261,0.32928698165641584,1.0932712802343052,34.950001,34.810001
BAC,261,0.244280551632034,0.1637461506155964,14.8,14.61
BA,261,0.6764753586237077,0.9597552857123997,119.220001,119.040001
CME.O,261,0.0,0.0,70.839996,73.860001
DLTR.O,261,0.09048374180359596,0.11051709180756478,58.139999,58.490002
FB.O,261,0.32928698165641584,1.0932712802343052,45.509998,45.98
FDX,261,2.365103173175993,2.4956029985640735,114.629997,116.830002
GD,261,0.0,0.0,89.379997,89.650002
GE,261,0.0,0.0,24.799999,24.459999
GIS,261,0.11051709180756478,0.09048374180359596,49.77,48.830002
GM,261,0.36193496721438384,0.4420683672302591,37.84,37.23
GS,261,0.68695547252497,2.2689938460580423,169.690002,167.779999
HAL,261,0.09048374180359596,0.11051709180756478,49.98,49.540001
HON,261,0.3127292080081113,0.5154747340803657,86.919998,86.790001
JPM,261,1.1948300001413432,3.3800023185816266,53.630001,52.75
KMI,261,0.0,0.0,36.389999,36.779999
MSFT.O,261,0.0,0.0,33.48,33.639999
MS,261,0.35861176021785174,0.707246970864073,29.290001,28.6
OXY,261,0.40495764227280096,0.22224546620451535,92.440006,92.110008
ORCL.N,261,2.3813233192203103,1.4516344344266823,33.639999,33.889999
SBUX.O,261,1.058949368730613,2.201306729737952,77.519997,76.349998
ATVI.O,262,0.26812801841425576,0.5967298790565082,17.24,16.99
A,262,3.2751960123860715,3.0814167774997476,51.030003,52.150001
AIG,262,0.1637461506155964,0.244280551632034,49.970001,49.950001
APC,262,0.7189263425875545,3.5608654855879487,94.779999,93.690002
AAPL.O,262,0.8746586781268891,2.2454511497566365,477.999992,467.410004
BRKa.N,262,0.244280551632034,0.1637461506155964,117.769997,117.900002
BA,262,0.09048374180359596,0.11051709180756478,119.150002,116.629997
CVX,262,0.6325523115127325,1.9176319155843693,125.660004,124.919998
CAG,262,0.6952194253079733,2.819253790458667,30.95,30.999999
XOM,262,0.32928698165641584,1.0932712802343052,89.529999,88.660004
FB.O,262,0.2914845754147567,0.3115179254187255,46.32,47.490002
GE,262,0.40495764227280096,0.22224546620451535,24.549999,24.01
GS,262,0.6962982596494515,0.7167326106539825,168.0,169.75
HAL,262,0.6157377310682424,2.006356774285842,49.700001,49.34
HD,262,0.0,0.0,78.809998,77.0
JPM,262,1.936503678728976,7.331646798542723,52.950001,52.799999
LMT,262,0.2,0.2,130.440002,128.0
MSFT.O,262,0.09048374180359596,0.11051709180756478,33.41,32.790001
ORCL.N,262,1.2131527311389139,3.696357933576655,33.939999,34.049999
DIS,262,0.0,0.0,65.610001,65.010002
UTX,262,0.09048374180359596,0.11051709180756478,112.0,109.580002
VLO,262,0.0,0.0,35.32,34.439999
WFC,262,0.1637461506155964,0.244280551632034,42.959999,42.849998
C,265,0.22224546620451535,0.40495764227280096,49.950001,49.57
ORCL.N,265,0.6872136208601042,0.37864511022182057,33.799999,33.939999
ATVI.O,266,0.0,0.0,16.940001,16.93
AAPL.O,266,1.611753536366668,3.496168276496419,494.880005,489.100006
BA,266,0.7702768103282298,1.8930018223321623,117.190002,119.0
CBS,266,0.0,0.0,56.119999,56.07
C,266,0.38599161682011174,0.649238193904835,49.43,48.959999
DAL,266,0.0,0.0,23.25,23.76
FIS,266,0.09048374180359596,0.11051709180756478,46.549999,46.830002
GE,266,0.3127292080081113,0.5154747340803657,24.219999,24.32
GM,266,0.27426324242316114,0.33476429343562997,37.16,37.439999
GS,266,0.0,0.0,165.520004,162.970001
MRK,266,0.09048374180359596,0.11051709180756478,47.630001,47.529999
MSFT.O,266,0.6508750425103034,2.2339875305793977,32.869999,32.450001
NFLX.O,266,0.5967298790565082,0.26812801841425576,301.300007,306.490005
NLSN.N,266,0.0,0.0,36.419998,36.57
ORCL.N,266,2.1152472885366778,1.1752344526010308,33.830002,33.639999
QCOM.O,266,0.3274923012311928,0.488561103264068,68.720001,68.510002
RHT,266,0.26812801841425576,0.5967298790565082,47.75,46.73
UTX,266,0.40495764227280096,0.22224546620451535,109.550003,110.0
WMT,266,0.8287761259171488,2.053678912972929,76.400002,75.75
AAPL.O,267,1.0412136791013125,1.5157052243175317,489.199982,481.530006
AMAT.O,267,1.285885443014858,4.431137863107914,17.280001,17.84
T,267,0.0,0.0,34.110001,34.049999
BA,267,0.5713933482705724,1.4210905144065724,119.32,118.510002
CCL,267,0.6157377310682424,2.006356774285842,33.290001,32.700001
CVX,267,0.0,0.0,124.769997,124.07
XOM,267,0.0,0.0,87.589996,87.139999
FB.O,267,1.876989450161119,6.707815678795184,49.23,49.459999
HON,267,0.3032653298563167,0.8243606353500641,84.330002,83.839996
JPM,267,0.5223579108334481,0.951527522496107,50.220001,51.700001
LEN,267,0.34760971265398666,1.4096268952293336,36.299999,36.389999
LMT,267,0.11051709180756478,0.09048374180359596,127.690002,127.860001
MCD,267,0.0,0.0,97.800003,97.620003
MSFT.O,267,1.0932712802343052,0.32928698165641584,32.490002,32.509998
MS,267,1.0286411949166332,4.818436178185293,27.32,27.219999
NEM,267,0.3032653298563167,0.8243606353500641,28.16,28.309999
ORCL.N,267,0.6730856606870568,0.8189753452610236,33.759998,33.869999
KO,267,1.6087681104855345,3.580379274339049,38.650002,38.330002
WFC,267,0.7318253875330785,4.42728560008251,41.830002,41.810001
AET,268,0.4903734846187711,1.001687521329309,64.760002,64.779999
AMZN.O,268,1.0203130813765149,2.563565647853788,313.899994,318.119995
AAPL.O,268,2.3076327471299654,4.150003487139244,486.000015,486.219994
AMAT.O,268,0.7479265840344955,1.091306561135094,17.860001,17.77
ADM,268,0.0,0.0,36.709999,36.810001
AZO,268,0.757220140417142,1.3253900186259677,424.880005,421.679993
BBBY.O,268,0.3032653298563167,0.8243606353500641,78.800003,77.540001
BA,268,1.851609283028952,4.96183470208,118.709999,119.379997
CCL,268,0.35479764343959874,0.25422989241919236,32.669998,32.93
C,268,0.4903734846187711,1.001687521329309,49.27,48.93
CME.O,268,0.09048374180359596,0.11051709180756478,74.730003,75.309998
DOW,268,0.27145122541078787,0.3315512754226943,39.82,39.990002
XOM,268,0.11051709180756478,0.09048374180359596,87.400002,87.07
FB.O,268,0.5255107960608321,1.229318277622865,50.009998,50.389999
GM,268,0.18096748360719192,0.22103418361512955,37.189999,36.950001
GS,268,0.6585739633128317,2.1865425604686104,162.899994,162.289993
JPM,268,1.329566713028962,3.6768702780920623,51.93,51.889999
LMT,268,0.22224546620451535,0.40495764227280096,128.149994,129.850006
M,268,0.1637461506155964,0.244280551632034,42.889999,43.32
NFLX.O,268,0.09048374180359596,0.11051709180756478,308.040001,313.510006
ORCL.N,268,2.1420768387333275,1.05841628212257,33.98,33.810001
SYK,268,2.241567585953691,4.355095027559518,68.709999,68.400002
UNH,268,0.4903734846187711,1.001687521329309,72.0,72.160004
WMT,268,2.0723908606696706,2.3641762699302884,74.779999,74.620003
ACN,269,0.0,0.0,74.5,74.089996
APD,269,0.09048374180359596,0.11051709180756478,107.64,106.999995
AMZN.O,269,0.0,0.0,316.920013,316.01001
AAPL.O,269,0.3032653298563167,0.8243606353500641,483.779991,482.750008
AMAT.O,269,0.09048374180359596,0.11051709180756478,17.67,17.6
BAC,269,0.26374615061559636,0.34428055163203397,13.99,13.9
BLK,269,0.8243606353500641,0.3032653298563167,269.850006,270.950012
BA,269,1.2969872359748202,3.9278998592059153,118.510002,118.739998
SCHW.N,269,0.0,0.0,21.15,21.190001
CVX,269,0.22224546620451535,0.40495764227280096,123.230003,122.639999
DAL,269,0.34760971265398666,1.4096268952293336,23.379999,23.57
EBAY.O,269,0.09048374180359596,0.11051709180756478,56.099997,55.779998
EA.O,269,0.3032653298563167,0.8243606353500641,26.07,25.950001
F,269,0.3032653298563167,0.8243606353500641,17.17,17.049999
GM,269,0.1637461506155964,0.244280551632034,36.77,36.369999
GS,269,0.32928698165641584,1.0932712802343052,160.690002,159.850006
JPM,269,0.7295780298723393,1.831661912455624,51.5,52.240002
LUK,269,0.0,0.0,27.15,27.299999
MCD,269,0.2,0.2,97.889999,97.120003
MYL.A,269,0.3274923012311928,0.488561103264068,38.240002,38.32
NFLX.O,269,0.0,0.0,310.76001,312.399994
NKE,269,0.5154747340803657,0.3127292080081113,74.82,73.639999
ORCL.N,269,3.5064674113187713,1.0738645355297938,33.630001,33.779999
VLO,269,0.1637461506155964,0.244280551632034,34.169998,34.299999
VZ,269,0.244280551632034,0.1637461506155964,47.419998,47.0
BA,272,0.1637461506155964,0.244280551632034,117.349998,117.5
ADM,273,0.09048374180359596,0.11051709180756478,36.799999,36.849998
BLK,273,0.32928698165641584,1.0932712802343052,270.0,270.089996
BA,273,0.0,0.0,117.970001,117.75
CMCSA.O,273,0.3032653298563167,0.8243606353500641,45.150002,45.610001
HAL,273,0.35946317129377725,1.7804327427939743,48.110001,48.599998
JPM,273,0.8999952089128249,1.09248865376432,51.639999,51.959999
LMT,273,0.0,0.0,127.769997,127.5
MSFT.O,273,0.9564900901337322,1.7204743887116216,33.349998,33.580002
MS,273,0.9028545149448657,2.3502887110842066,26.950001,27.139999
QCOM.O,273,0.26812801841425576,0.5967298790565082,67.400002,67.489998
RTN,273,0.0,0.0,77.169998,77.809998
DIS,273,0.26812801841425576,0.5967298790565082,64.370003,64.830002
TWX,273,0.11051709180756478,0.09048374180359596,65.829996,66.68
WMT,273,0.5967298790565082,0.26812801841425576,73.870003,73.589996
AMZN.O,274,0.26812801841425576,0.5967298790565082,318.040009,320.51001
AAPL.O,274,0.6819104400781373,1.5115742562101682,485.63002,489.55999
ADM,274,0.0,0.0,36.77,37.18
T,274,0.11051709180756478,0.09048374180359596,33.970001,33.939999
BRKa.N,274,0.32928698165641584,1.0932712802343052,113.550003,114.410004
BA,274,2.016157554941967,1.996330983354115,117.379997,117.839996
CPB,274,0.0,0.0,40.970001,40.959999
CBG,274,0.0,0.0,23.450001,23.24
CVX,274,1.1575249971995887,1.8541178276383645,121.040001,120.830002
FB.O,274,0.9267019817270874,2.7832724395251187,50.130001,50.279999
F,274,0.8075314933237941,1.8497221043112888,17.09,17.209999
GM,274,0.3647469842267571,0.4452813852431947,35.740002,35.939999
GS,274,0.9293183501522793,3.595017280296109,157.690002,158.669998
HAL,274,0.35946317129377725,1.7804327427939743,48.43,49.09
JPM,274,0.1637461506155964,0.244280551632034,51.32,52.09
MRK,274,0.580857226422367,1.112204613136874,48.450001,48.369999
MS,274,0.3032653298563167,0.8243606353500641,26.9,27.120001
NEM,274,0.35946317129377725,1.7804327427939743,27.48,27.530001
ORCL.N,274,0.8243606353500641,0.3032653298563167,33.310001,33.68
PFE,274,0.0,0.0,28.690001,29.01
PPL,274,0.0,0.0,30.610001,30.690001
TIF,274,0.0,0.0,76.470001,76.339996
WMT,274,0.09048374180359596,0.11051709180756478,73.389999,73.720001
AMZN.O,275,1.0589493687306133,2.201306729737952,320.390015,314.76001
AEP,275,0.649238193904835,0.38599161682011174,43.599998,43.330002
AAPL.O,275,1.169466460538178,2.291790471541548,490.510025,483.409996
ADM,275,0.43980407346398065,1.1837550220379012,37.040001,36.75
ADP.O,275,0.6786419017746506,2.729117534121621,71.710004,71.100005
BAC,275,0.38599161682011174,0.649238193904835,14.07,14.0
BA,275,1.6677024417625121,4.27236888871666,117.349998,115.239998
FB.O,275,0.6892569466764285,1.4735988292548992,50.470001,49.18
GS,275,0.0,0.0,158.630005,156.850006
HAL,275,1.0546825966017506,4.599686533252641,49.060001,48.400002
ICE,275,0.26812801841425576,0.5967298790565082,183.889999,188.029995
JPM,275,1.3965366100906218,1.15364761700648,52.0,51.939999
MON,275,1.2934761772456538,2.5188497767389837,103.470001,105.269997
TROW.O,275,0.1637461506155964,0.244280551632034,71.959999,71.980003
UTX,275,0.4093653765389909,0.6107013790800849,104.830002,103.690002
WFC,275,0.38599161682011174,0.649238193904835,41.220001,41.0
AMZN.O,276,0.3274923012311928,0.488561103264068,315.130005,319.040009
AAPL.O,276,0.9432300322994351,2.49491787754991,483.859993,483.030014
CVX,276,0.0,0.0,118.5,118.129997
C,276,0.09048374180359596,0.11051709180756478,48.450001,49.139999
STZ,276,0.4670114804719131,1.0686411869820982,60.150002,61.970001
EXC,276,0.5429024508215757,0.6631025508453886,29.200001,29.23
FB.O,276,0.6272031084773163,0.6272031084773163,49.77,51.040001
GS,276,0.244280551632034,0.1637461506155964,157.080002,156.550003
JPM,276,0.32928698165641584,1.0932712802343052,52.07,52.669998
MSFT.O,276,0.09048374180359596,0.11051709180756478,33.689999,33.880001
MS,276,0.0,0.0,26.969999,26.99
PFE,276,0.3274923012311928,0.488561103264068,28.83,29.0
RTN,276,0.0,0.0,74.900002,74.25
SPG,276,0.34760971265398666,1.4096268952293336,148.959991,149.169992
TROW.O,276,0.09048374180359596,0.11051709180756478,72.199997,72.709999
TWX,276,0.1637461506155964,0.244280551632034,65.330005,66.46
UNP,276,0.0,0.0,153.550003,153.899994
VZ,276,0.0,0.0,47.049999,47.099998
WMT,276,0.0,0.0,73.010002,72.800003
AMZN.O,279,0.36591269376653923,2.213642800041255,315.23999,310.029999
UTX,279,0.0,0.0,103.440002,104.029999
WMT,279,0.5967298790565082,0.26812801841425576,72.419998,71.870003
BAC,280,0.1637461506155964,0.244280551632034,13.83,13.69
BA,280,0.32928698165641584,1.0932712802343052,116.669998,115.440002
CVX,280,0.34760971265398666,1.4096268952293336,117.889999,116.730003
COH,280,0.40495764227280096,0.22224546620451535,54.419998,53.59
FE,280,0.4444909324090307,0.8099152845456019,37.110001,37.450001
F,280,0.0,0.0,16.83,16.5
LMT,280,0.0,0.0,123.629997,122.459999
RTN,280,0.40495764227280096,0.22224546620451535,75.139999,74.050003
WMT,280,0.5735675332884498,1.2570174308499016,71.849998,72.900002
AMZN.O,281,2.04765651852128,1.4462335904272121,303.420013,298.230011
AAPL.O,281,0.6082370830246271,1.054195836177636,484.639984,486.589989
T,281,0.11051709180756478,0.09048374180359596,33.23,33.75
BBY,281,0.0,0.0,35.720001,36.259998
HRB,281,0.26812801841425576,0.5967298790565082,27.0,27.200001
BA,281,0.5574952222755091,1.1791582787896628,115.400002,114.470001
CHK,281,0.244280551632034,0.1637461506155964,25.930002,25.99
EXC,281,0.34760971265398666,1.4096268952293336,29.43,29.709999
FB.O,281,0.25422989241919236,0.35479764343959874,47.380001,46.77
F,281,0.09048374180359596,0.11051709180756478,16.51,16.620001
GM,281,0.09048374180359596,0.11051709180756478,34.330002,34.16
GS,281,0.4859916168201117,0.7492381939048349,153.559998,154.440002
HPQ,281,0.0,0.0,20.769998,22.6
HUM,281,0.7189263425875545,3.5608654855879487,93.379997,93.209999
INTC.O,281,1.7804327427939743,0.35946317129377725,22.51,22.59
JPM,281,1.5836447648530765,1.330974502985725,51.169998,50.75
LMT,281,0.0,0.0,122.620003,122.029999
MDT,281,0.5967298790565082,0.26812801841425576,52.560001,53.060001
MSFT.O,281,0.0,0.0,33.07,33.07
NFLX.O,281,0.1637461506155964,0.244280551632034,300.229996,288.429993
SBUX.O,281,0.1637461506155964,0.244280551632034,75.389999,75.260002
VLO,281,0.09048374180359596,0.11051709180756478,33.759998,33.970001
YUM,281,1.564082571058495,0.7997740384839932,65.750004,66.48
AMZN.O,282,1.6539074468613677,0.511355863269583,304.630005,305.170013
T,282,1.0932712802343052,0.32928698165641584,34.09,34.150002
BA,282,0.7346540362508052,1.1654336719449054,116.099998,118.900002
CHK,282,0.49123845184678916,0.732841654896102,26.25,26.410001
CVX,282,0.26812801841425576,0.5967298790565082,115.239998,116.379997
CTXS.O,282,0.22224546620451535,0.40495764227280096,58.360001,58.75
CMCSA.O,282,0.0,0.0,44.779999,45.349998
COST.O,282,0.0,0.0,114.980003,115.699997
F,282,0.3274923012311928,0.488561103264068,16.870001,16.93
GE,282,0.0,0.0,23.9,24.25
GM,282,0.1637461506155964,0.244280551632034,34.740002,34.849998
GS,282,0.36193496721438384,0.4420683672302591,156.830002,158.009995
HES,282,0.11051709180756478,0.09048374180359596,81.040001,80.790001
HPQ,282,0.09048374180359596,0.11051709180756478,23.02,22.32
JPM,282,0.3032653298563167,0.8243606353500641,51.84,52.52
ORCL.N,282,0.22224546620451535,0.40495764227280096,32.48,32.990002
PEP,282,0.5,0.5,79.959999,80.690002
PFE,282,0.26812801841425576,0.5967298790565082,28.620001,28.77
WMT,282,0.488561103264068,0.3274923012311928,73.480003,74.790001
YUM,282,3.8724107065438504,2.6726274400027967,66.849999,65.939999
ATVI.O,283,1.2204352722939202,1.468502731919735,16.92,17.08
AMZN.O,283,1.4096268952293336,0.34760971265398666,304.769989,310.890015
BA,283,1.014557361960264,2.0567479729477585,118.599998,117.980003
CVX,283,0.09048374180359596,0.11051709180756478,116.57,117.669998
C,283,0.0,0.0,49.349998,49.220001
CTXS.O,283,0.09048374180359596,0.11051709180756478,59.029999,59.080002
COST.O,283,0.09048374180359596,0.11051709180756478,115.160004,115.900002
DOW,283,0.0,0.0,40.52,41.07
GD,283,0.0,0.0,87.410004,87.760002
GM,283,0.0,0.0,34.790001,35.349998
HIG,283,0.6325523115127325,1.9176319155843693,32.669998,32.830002
HUM,283,0.5429024508215757,0.6631025508453886,95.769997,95.650002
JPM,283,0.0,0.0,52.959999,52.509998
MCD,283,0.707246970864073,0.35861176021785174,94.690002,94.739998
MRK,283,0.3032653298563167,0.8243606353500641,47.419998,47.290001
MU.O,283,0.27426324242316114,0.33476429343562997,17.889999,16.84
MON,283,0.26812801841425576,0.5967298790565082,104.739998,106.580002
NFLX.O,283,0.43187416902985215,0.8410104306885422,304.310009,300.85001
LUV,283,0.32928698165641584,1.0932712802343052,15.1,15.23
SBUX.O,283,0.0,0.0,77.220001,77.82
STI,283,0.3032653298563167,0.8243606353500641,32.990002,33.509998
HSY,283,0.8243606353500641,0.3032653298563167,93.459999,93.949997
TRIP.O,283,0.1637461506155964,0.244280551632034,72.349998,74.010002
AEE,287,0.09048374180359596,0.11051709180756478,35.369999,35.09
T,287,0.3032653298563167,0.8243606353500641,33.869999,33.709999
BA,287,0.35946317129377725,1.7804327427939743,119.419998,118.18
EXPE.O,287,0.1637461506155964,0.244280551632034,48.41,47.889999
F,287,0.0,0.0,17.18,16.969999
GM,287,0.244280551632034,0.1637461506155964,35.279999,34.700001
M,287,0.0,0.0,42.68,42.48
MRK,287,0.244280551632034,0.1637461506155964,46.52,46.57
NFLX.O,287,0.9335007650792839,1.9202639397333963,325.099991,321.690006
AMZN.O,288,0.25422989241919236,0.35479764343959874,308.380005,310.48999
AAPL.O,288,2.467902056898249,3.560812450115003,500.789993,501.110001
CBS,288,5.203630790833261,9.682762323750213,57.16,57.59
MCD,288,0.40495764227280096,0.22224546620451535,94.300003,95.220001
MS,288,0.22224546620451535,0.40495764227280096,28.18,28.629999
NWSA.DF,288,0.09048374180359596,0.11051709180756478,16.719999,16.780001
NWS.O,288,0.09048374180359596,0.11051709180756478,17.200001,17.26
OMC,288,0.1637461506155964,0.244280551632034,63.5,64.610001
ORCL.N,288,0.18096748360719192,0.22103418361512955,32.91,33.02
PCG,288,0.09048374180359596,0.11051709180756478,40.439999,40.75
KO,288,0.7737779140654465,1.903186564779907,38.009998,38.0
WMT,288,1.1001770675807743,3.0414992566631827,74.809998,75.599998
WFC,288,0.09048374180359596,0.11051709180756478,41.91,42.209999
XRX,288,0.34760971265398666,1.4096268952293336,10.65,10.66
ABT,289,0.649238193904835,0.38599161682011174,35.889999,37.169998
ATVI.O,289,1.0932712802343052,0.32928698165641584,17.32,17.59
AAP,289,0.854797777717248,2.32258955785717,96.650002,97.220001
AMZN.O,289,0.46912885202541654,0.7977307126676689,307.070007,310.769989
AXP,289,0.22224546620451535,0.40495764227280096,77.940002,80.230003
AAPL.O,289,0.9928822506145991,2.058770302753989,499.979988,504.499985
BAC,289,1.0841814229095166,1.4127832835517689,14.45,14.66
BRKa.N,289,0.4444909324090307,0.8099152845456019,116.650002,116.919998
BLK,289,0.09048374180359596,0.11051709180756478,289.890015,298.51001
BA,289,0.4032129498117073,0.6259918258879305,119.809998,122.290001
CVX,289,0.6768966943104024,2.502898175463639,119.099998,119.519997
EBAY.O,289,0.5232093219093736,2.0247132944260082,50.329997,51.379997
FB.O,289,0.22224546620451535,0.40495764227280096,51.119999,52.209999
F,289,0.22224546620451535,0.40495764227280096,17.24,17.459999
GE,289,0.1637461506155964,0.244280551632034,24.379999,24.68
INTC.O,289,0.22224546620451535,0.40495764227280096,23.58,23.92
JPM,289,0.36591269376653923,2.213642800041255,53.790001,54.209999
KMI,289,0.11051709180756478,0.09048374180359596,35.52,35.220001
LMT,289,1.5101473061676938,1.1999687714979685,127.57,129.360001
MAT.O,289,0.1637461506155964,0.244280551632034,41.91,42.41
NOC,289,0.5687037928883973,0.46652601783654934,98.510002,100.730003
OMC,289,0.3032653298563167,0.8243606353500641,64.57,65.160004
PEP,289,0.22224546620451535,0.40495764227280096,82.050003,82.580002
REGN.O,289,0.8838657494824982,2.6030866533423502,306.809998,307.859985
UTX,289,0.1637461506155964,0.244280551632034,105.980003,108.019997
VZ,289,0.3127292080081113,0.5154747340803657,48.57,48.900002
WMT,289,0.0,0.0,75.489998,75.779999
XLNX.O,289,0.4670114804719131,1.0686411869820982,45.400002,45.389999
AMZN.O,290,0.4891622020293853,0.7776973626637002,319.359985,328.929993
AAPL.O,290,0.09048374180359596,0.11051709180756478,505.990005,508.889992
BLK,290,0.34760971265398666,1.4096268952293336,299.459991,301.660004
BA,290,0.18096748360719192,0.22103418361512955,122.5,122.519997
BSX,290,0.09048374180359596,0.11051709180756478,12.42,12.28
COF,290,0.5974150000706716,1.6900011592908135,72.800003,71.599998
CF,290,0.0,0.0,213.16,215.160007
CVX,290,1.4992168082388306,4.933721287564284,119.610001,119.650002
ED,290,0.488561103264068,0.3274923012311928,56.919998,56.860001
EBAY.O,290,0.6721923793018886,2.29590747687434,51.579997,52.199996
GM,290,1.531607606214137,0.6618770900741684,36.209999,35.889999
GS,290,1.91734132072138,3.277286115667115,158.839996,158.690002
IBM,290,0.8243606353500641,0.3032653298563167,174.800003,173.779999
ISRG.O,290,0.11051709180756478,0.09048374180359596,370.220001,376.519989
JPM,290,0.511355863269583,1.6539074468613677,54.259998,54.299999
MSFT.O,290,0.32928698165641584,1.0932712802343052,34.82,34.959999
NRG,290,0.488561103264068,0.3274923012311928,28.07,29.299999
DGX,290,0.0,0.0,58.52,57.919998
RTN,290,0.0,0.0,77.800003,76.860001
SYK,290,0.32928698165641584,1.0932712802343052,72.769997,73.459999
FOXA.O,290,0.11051709180756478,0.09048374180359596,34.549999,34.259998
FOX.O,290,0.11051709180756478,0.09048374180359596,34.380001,34.209999
UNP,290,0.3032653298563167,0.8243606353500641,152.0,152.100006
UNH,290,0.11051709180756478,0.09048374180359596,71.260002,68.760002
VZ,290,0.34471363422278833,0.4653147352471635,49.360001,50.009998
WFC,290,0.0,0.0,42.720001,42.68
AMZN.O,293,0.35946317129377725,1.7804327427939743,329.890015,326.440002
T,293,0.0,0.0,35.02,35.220001
BAC,293,0.3032653298563167,0.8243606353500641,14.53,14.52
JPM,293,0.26812801841425576,0.5967298790565082,54.27,54.27
NOC,293,2.4428055163203397,1.6374615061559636,101.739998,100.199997
AMZN.O,294,0.0,0.0,327.720001,332.540009
AAPL.O,294,0.6065306597126334,1.6487212707001282,526.410019,519.870003
BA,294,0.0,0.0,122.0,122.480003
C,294,0.26812801841425576,0.5967298790565082,51.32,50.759998
CMCSA.O,294,0.3032653298563167,0.8243606353500641,47.41,47.360001
DVN,294,0.11051709180756478,0.09048374180359596,66.07,65.519997
DFS,294,0.1637461506155964,0.244280551632034,52.5,51.799999
DOW,294,0.09048374180359596,0.11051709180756478,41.439999,41.549999
FB.O,294,0.4197707234600118,1.20378837204187,54.330002,52.68
GS,294,0.1637461506155964,0.244280551632034,160.639999,159.25
HAL,294,0.244280551632034,0.1637461506155964,50.91,51.779999
HAS.O,294,1.0932712802343052,0.32928698165641584,50.110001,49.990002
ILMN.O,294,0.1637461506155964,0.244280551632034,86.5,90.050003
JPM,294,0.835938529917485,2.540188028506374,54.650002,53.619999
M,294,0.0,0.0,44.220001,44.599998
MCD,294,0.4742632424231612,0.5347642934356299,94.68,95.120003
MSFT.O,294,0.41797604303478875,0.5990781950716327,35.02,34.580002
MS,294,0.09048374180359596,0.11051709180756478,29.59,29.459999
NFLX.O,294,1.8037405975012113,5.232020580607606,387.840012,322.520012
REGN.O,294,0.22224546620451535,0.40495764227280096,295.690002,304.48999
SBUX.O,294,1.0266295214472827,2.1951472794423257,79.900002,80.900002
TXN.O,294,0.25422989241919236,0.35479764343959874,40.18,40.279999
VFC,294,0.7082229721291177,1.0466061015545796,212.259995,211.440002
AMGN.O,295,0.49303313227201223,1.3375518318663393,114.940002,115.669998
AAPL.O,295,1.3910239068168255,2.897349129937194,519.000023,524.959999
COH,295,0.25422989241919236,0.35479764343959874,49.59,48.549999
CMCSA.O,295,0.32928698165641584,1.0932712802343052,47.130001,46.959999
GLW,295,0.0,0.0,18.040001,17.52
DAL,295,0.5596125938290124,0.9082478044752337,25.440001,25.610001
DD,295,0.0,0.0,60.399999,60.219999
FB.O,295,0.32928698165641584,1.0932712802343052,51.75,51.900002
FCX,295,0.5817086374982926,2.1853903850667753,35.959999,36.630001
GS,295,1.2344010766679203,3.87359469359606,158.020004,157.740005
HOG,295,0.22224546620451535,0.40495764227280096,64.120003,64.0
JPM,295,0.49851044405122635,0.5185437940551951,53.310001,52.75
KMB,295,0.09048374180359596,0.11051709180756478,102.219998,104.959998
LMT,295,1.3711929141361183,3.5931877240707206,130.0,131.979996
KORS.N,295,0.1637461506155964,0.244280551632034,78.199997,77.599998
MSFT.O,295,1.135662893315701,1.3367983953565137,34.349998,33.759998
NFLX.O,295,1.3020985993134724,2.535643443558571,317.32,330.240002
PFE,295,0.09048374180359596,0.11051709180756478,30.65,30.6
RTN,295,0.4444909324090307,0.8099152845456019,76.199997,78.489998
STT,295,0.26812801841425576,0.5967298790565082,66.760002,67.639999
TRV,295,0.4197707234600118,1.20378837204187,86.209999,86.279999
UTX,295,3.96582312786075,0.9411718087920699,106.199997,106.389999
WHR,295,0.0,0.0,145.759995,144.399994
AKAM.O,296,0.8395213666848282,2.0178203934630807,46.790001,46.060001
AIG,296,0.6952194253079733,2.819253790458667,51.990002,51.799999
AAPL.O,296,1.1688083483412441,3.111091673697386,525.0,531.910011
T,296,0.244280551632034,0.1637461506155964,35.009998,34.630001
BAC,296,1.4256078307203768,3.9729665053724323,14.12,14.17
BLK,296,0.6952194253079733,2.819253790458667,304.730011,306.950012
BA,296,1.7807067316289906,4.641611882960722,129.009995,128.979996
BMY,296,0.7172235204357034,1.414493941728146,49.380001,49.369999
CAT,296,1.8445070628692677,3.713812754863742,83.32,84.529999
CVX,296,0.09048374180359596,0.11051709180756478,120.669998,120.559998
GLW,296,2.6184167294984624,1.499584394001374,17.49,17.48
FFIV.O,296,0.1637461506155964,0.244280551632034,88.040001,85.150002
GD,296,1.783007909997416,5.51094247107879,86.199997,87.120003
GE,296,0.9,0.9,25.84,25.940001
GM,296,0.244280551632034,0.1637461506155964,35.490002,35.630001
GILD.O,296,1.0783895138813318,5.341298228381923,69.440002,69.830002
GS,296,0.5444909324090307,0.9099152845456019,159.449997,159.960007
GT.O,296,0.32928698165641584,1.0932712802343052,22.02,22.15
INTC.O,296,0.6585739633128317,2.1865425604686104,23.860001,23.780001
JPM,296,2.1095392801198103,6.367925188699827,52.84,52.48
LMT,296,0.6065306597126334,1.6487212707001282,132.020004,132.619995
MCK,296,0.3274923012311928,0.488561103264068,154.600006,150.0
MSI,296,0.0,0.0,62.299999,62.509998
NLSN.N,296,0.22224546620451535,0.40495764227280096,38.25,38.98
NOC,296,0.6325523115127325,1.9176319155843693,105.959999,107.480003
NVDA.O,296,0.0,0.0,15.54,15.39
RTN,296,1.2545096237917384,2.938396641297356,79.089996,78.080002
SEE,296,0.38599161682011174,0.649238193904835,28.139999,28.450001
SBUX.O,296,1.5984174003858174,0.7585015030330269,79.360001,79.050003
SYMC.O,296,0.22224546620451535,0.40495764227280096,21.299999,21.49
TMO,296,0.09048374180359596,0.11051709180756478,97.779999,97.029999
AMZN.O,297,0.6065306597126334,1.6487212707001282,358.600006,363.390015
AAPL.O,297,2.0283753484106897,7.981395576635956,531.319984,525.960022
T,297,0.9868821932464477,1.74140945703774,34.650002,35.189999
AN,297,0.09048374180359596,0.11051709180756478,49.529999,49.16
BAC,297,1.1989845379786055,3.7982531362570553,14.15,14.26
BA,297,0.6065306597126334,1.6487212707001282,129.25,131.190002
BSX,297,0.34760971265398666,1.4096268952293336,11.55,11.62
CELG.O,297,0.43809345445758263,1.5201439870368985,157.669998,155.740005
CB,297,0.3032653298563167,0.8243606353500641,97.0,96.139999
CL,297,0.49303313227201223,1.3375518318663393,63.240002,63.599998
DOW,297,0.9668488432424789,1.761442807041709,40.389999,39.52
DD,297,0.22224546620451535,0.40495764227280096,62.57,61.899997
ESRX.O,297,0.34760971265398666,1.4096268952293336,61.990002,60.880001
FB.O,297,0.34471363422278833,0.46531473524716355,53.18,51.950001
F,297,1.4528404600625908,2.510681000946544,17.84,17.6
GM,297,0.22224546620451535,0.40495764227280096,35.669998,35.59
IP,297,0.5395792438250436,0.9282811544792025,45.410004,45.570004
JNJ,297,0.34760971265398666,1.4096268952293336,92.040001,92.089996
KLAC.O,297,0.09048374180359596,0.11051709180756478,62.299999,63.880001
MCK,297,0.8780069653489724,2.2789431868452006,151.809998,154.990005
MSFT.O,297,0.7176868502809123,0.7377202002848811,35.880001,35.73
NOC,297,0.09048374180359596,0.11051709180756478,107.279999,108.370003
PHM,297,1.3627306885942019,4.0425336878890885,17.9,18.040001
RTN,297,0.6007382070672037,1.4248225556569998,78.639999,79.959999
RCL,297,0.40495764227280096,0.22224546620451535,42.759998,43.470001
STX.O,297,0.1637461506155964,0.244280551632034,48.799999,49.799999
LUV,297,0.6065306597126334,1.6487212707001282,17.049999,17.17
SJP.L,297,0.8099152845456019,0.4444909324090307,56.650002,57.27
SYK,297,0.1637461506155964,0.244280551632034,74.050003,74.610001
KO,297,0.0,0.0,38.84,39.029999
HSY,297,0.22224546620451535,0.40495764227280096,96.720001,97.110001
UAL,297,0.22103418361512955,0.18096748360719192,30.719999,31.17
WMT,297,0.20100083361116072,0.20100083361116072,76.370003,76.080002
WFC,297,0.26812801841425576,0.5967298790565082,42.639999,42.860001
WDC.O,297,0.3274923012311928,0.488561103264068,72.449997,72.629997
WYNN.O,297,0.22103418361512955,0.18096748360719192,168.059998,168.179993
XRX,297,0.4444909324090307,0.8099152845456019,9.74,9.71
BLK,300,0.0,0.0,308.0,308.440002
CVX,300,0.0,0.0,120.559998,120.910004
MSFT.O,300,1.4096268952293336,0.34760971265398666,35.610001,35.57
AAPL.O,301,1.8161005540842041,5.867446839320078,536.270004,516.680023
T,301,0.0,0.0,35.66,36.27
BIIB.O,301,1.1362462911515383,1.7175184136611423,255.850006,254.389999
CF,301,0.1637461506155964,0.244280551632034,217.240009,216.219997
DOW,301,0.09048374180359596,0.11051709180756478,39.380001,39.459999
EW,301,0.6768966943104024,2.502898175463639,73.160004,69.860001
HIG,301,0.09048374180359596,0.11051709180756478,34.400002,34.060001
JPM,301,0.1637461506155964,0.244280551632034,52.830002,52.73
L,301,0.22224546620451535,0.40495764227280096,48.830002,49.139999
MRK,301,1.1963585267126522,2.5101135379775763,45.41,45.580002
MSFT.O,301,0.0,0.0,35.630001,35.52
RTN,301,0.40495764227280096,0.22224546620451535,81.099998,81.870003
STX.O,301,0.32928698165641584,1.0932712802343052,48.799999,48.25
MOS,301,0.1637461506155964,0.244280551632034,46.869999,46.93
AET,302,0.6328750026410128,1.0420112642997028,61.169998,62.119999
AMZN.O,302,0.1637461506155964,0.244280551632034,362.619995,361.079987
AAPL.O,302,2.018079026282391,3.8678890783659448,519.610023,524.900024
ADM,302,0.6218729550771478,1.7443911886649637,40.720001,41.0
BLK,302,1.0932712802343052,0.32928698165641584,309.059998,306.179993
BA,302,1.0995637919846457,2.9862731025664675,129.559998,129.679993
CAT,302,0.5475458814883507,0.9881067859656605,84.169998,83.489998
CMI,302,1.387067248173179,3.005927179428741,127.550003,125.440002
FB.O,302,1.0999705445317511,3.0517515932510353,50.0,49.009998
F,302,0.0,0.0,17.620001,17.34
GE,302,1.15364761700648,1.3965366100906218,26.290001,26.370001
GM,302,0.09048374180359596,0.11051709180756478,37.200001,37.23
GILD.O,302,1.3294648997636398,3.8196663049624413,71.889999,72.669998
GS,302,0.5255107960608321,1.229318277622865,162.559998,162.050003
GT.O,302,0.22224546620451535,0.40495764227280096,20.870001,21.42
HES,302,0.3127292080081113,0.5154747340803657,82.160004,80.32
JCI,302,0.4670114804719131,1.0686411869820982,36.619999,36.450001
JPM,302,0.6713933482705724,1.5210905144065725,53.0,52.599998
M,302,0.1637461506155964,0.244280551632034,46.200001,46.400002
MRO,302,0.09048374180359596,0.11051709180756478,36.0,35.759998
MDT,302,0.11051709180756478,0.09048374180359596,58.639999,57.939999
MRK,302,0.6325523115127325,1.9176319155843693,45.75,45.240002
MSFT.O,302,0.9217567438669024,1.124502269939157,35.529999,35.540001
MS,302,0.32928698165641584,1.0932712802343052,29.42,29.110001
OXY,302,0.6618770900741684,1.5316076062141373,96.870008,96.060008
PFE,302,1.15041243038669,2.651916402903325,31.25,30.93
RL,302,0.0,0.0,165.600006,166.820007
VRTX.O,302,0.3032653298563167,0.8243606353500641,74.970001,71.75
WU,302,0.3032653298563167,0.8243606353500641,15.73,16.85
ALL,303,0.19048374180359595,0.21051709180756478,52.43,53.060001
AAPL.O,303,0.38599161682011174,0.649238193904835,525.0,522.699974
ADP.O,303,1.7153742272511188,4.850593014485612,74.260002,75.030004
BAC,303,0.0,0.0,14.14,13.97
BA,303,0.38599161682011174,0.649238193904835,129.839996,130.5
BWA,303,0.5717728528632268,0.6523072538796644,100.919998,103.129997
C,303,0.11051709180756478,0.09048374180359596,49.740002,48.779999
CMCSA.O,303,0.26812801841425576,0.5967298790565082,46.580002,47.599998
GLW,303,0.11051709180756478,0.09048374180359596,16.860001,17.09
EXPE.O,303,0.26812801841425576,0.5967298790565082,58.610001,58.970001
FB.O,303,2.809718034889999,7.6506369383907575,47.16,50.209999
GM,303,1.9110576601192042,3.765452523470703,37.18,36.950001
HES,303,1.4369363667555,3.707821552753894,80.830002,81.199997
INTC.O,303,0.09048374180359596,0.11051709180756478,24.52,24.469999
JPM,303,0.659043576653887,0.7600123286748559,52.650002,51.540001
LMT,303,1.6072421797768977,1.4511004139821715,134.009995,133.339996
M,303,0.35946317129377725,1.7804327427939743,46.5,46.110001
MAR.O,303,0.0,0.0,44.650002,45.080002
MA,303,0.3032653298563167,0.8243606353500641,730.039978,717.099991
MCD,303,0.40495764227280096,0.22224546620451535,96.199997,96.519997
MET,303,0.25422989241919236,0.35479764343959874,47.240002,47.310001
MSFT.O,303,0.09048374180359596,0.11051709180756478,35.66,35.41
PKI,303,0.09048374180359596,0.11051709180756478,38.150002,38.040001
PSX,303,0.4903734846187711,1.001687521329309,64.980003,64.43
SWKS.O,303,0.25422989241919236,0.35479764343959874,26.299999,25.799999
SBUX.O,303,0.36591269376653923,2.213642800041255,78.690002,81.050003
TWX,303,0.26812801841425576,0.5967298790565082,68.659998,68.739995
TRIP.O,303,0.5967298790565082,0.26812801841425576,81.5,82.720001
VZ,303,0.4197707234600118,1.20378837204187,50.490002,50.509998
V,303,0.3937490716599127,0.9348777271576288,197.050003,196.669998
WU,303,0.7189263425875545,3.5608654855879487,16.99,17.02
AIG,304,0.2,0.2,48.669998,48.279999
ADM,304,0.35946317129377725,1.7804327427939743,41.029999,40.900002
BLK,304,1.8260481566793731,0.7936388144750879,300.920013,303.649994
BA,304,2.01243510337404,1.2093416975155682,130.899994,133.029999
CBS,304,0.32928698165641584,1.0932712802343052,59.279999,59.939999
CI,304,0.38599161682011174,0.649238193904835,76.989998,78.379997
C,304,0.0,0.0,48.869999,48.740002
COP,304,0.34471363422278833,0.4653147352471635,73.559998,73.089996
EBAY.O,304,0.244280551632034,0.1637461506155964,52.939999,51.939999
XOM,304,1.1995114119400363,2.787904293104334,89.739998,89.82
FB.O,304,0.4197707234600118,1.20378837204187,50.849998,49.75
FSLR.O,304,0.244280551632034,0.1637461506155964,55.639999,59.139999
F,304,0.8379831972727578,2.4113144165586426,17.24,16.889999
GS,304,0.22224546620451535,0.40495764227280096,161.029999,162.050003
IVZ,304,0.5967298790565082,0.26812801841425576,33.91,33.84
MPC,304,0.6508750425103034,2.2339875305793977,71.839996,70.860001
MA,304,0.5974150000706716,1.6900011592908135,723.949966,737.480011
MSFT.O,304,0.35946317129377725,1.7804327427939743,35.669998,35.529999
ORCL.N,304,0.9834066168907833,2.3392393531956484,33.700001,33.529999
RHT,304,0.26812801841425576,0.5967298790565082,43.48,43.23
SBUX.O,304,0.40495764227280096,0.22224546620451535,81.540001,80.370003
KO,304,0.26812801841425576,0.5967298790565082,39.57,39.610001
WMT,304,0.8243606353500641,0.3032653298563167,76.970001,77.07
AAPL.O,307,0.0,0.0,521.099991,526.75
IBM,307,0.34760971265398666,1.4096268952293336,179.899994,180.270004
MUR,307,0.32928698165641584,1.0932712802343052,60.57,61.360001
AMZN.O,308,0.0,0.0,356.779999,358.890015
AIG,308,0.43187416902985215,0.8410104306885422,49.009998,48.290001
APC,308,0.25422989241919236,0.35479764343959874,94.709999,92.860001
AAPL.O,308,2.819253790458667,0.6952194253079733,524.580017,525.449997
BAC,308,0.34760971265398666,1.4096268952293336,13.99,13.93
BA,308,1.2459680729613432,0.6541196352343674,132.029999,133.570007
CF,308,0.4903734846187711,1.001687521329309,212.070007,209.500008
CME.O,308,1.0665896809687085,4.701548842505671,73.910004,73.660004
GM,308,0.09048374180359596,0.11051709180756478,37.279999,37.09
IBM,308,2.32415989184882,0.4563964355701352,179.539993,177.850006
JNJ,308,0.0,0.0,92.540001,92.809998
K,308,0.11051709180756478,0.09048374180359596,62.169998,63.09
LMT,308,0.0,0.0,135.330002,135.470001
M,308,0.35946317129377725,1.7804327427939743,46.619999,46.139999
NFLX.O,308,1.4096268952293336,0.34760971265398666,335.539989,341.499992
NOC,308,0.0,0.0,108.489998,109.120003
RTN,308,0.0,0.0,83.989998,84.489998
STI,308,0.09048374180359596,0.11051709180756478,33.639999,33.849998
WY,308,1.4835481700420574,0.8803084395004308,30.190001,29.5
AMZN.O,309,0.09048374180359596,0.11051709180756478,360.450012,356.179993
APC,309,0.1637461506155964,0.244280551632034,93.720001,92.019997
AAPL.O,309,0.5337633916232408,0.6964422176875577,524.149994,520.920013
T,309,0.4903734846187711,1.001687521329309,35.77,35.82
BDX,309,0.22224546620451535,0.40495764227280096,106.769997,107.059998
BA,309,0.5758318270547284,0.4351973760263843,134.020004,133.089996
BWA,309,0.11051709180756478,0.09048374180359596,103.860001,104.07
CBS,309,0.0,0.0,60.400002,59.619999
CVX,309,0.41378242166388146,0.9148443771536601,119.300003,121.139999
CTSH.O,309,0.22224546620451535,0.40495764227280096,90.489998,90.68
CVS,309,0.09048374180359596,0.11051709180756478,63.779999,63.869999
DLPH.N,309,0.32928698165641584,1.0932712802343052,55.98,55.860001
ENDP.O,309,0.5154747340803657,0.3127292080081113,56.48,56.209999
F,309,0.22224546620451535,0.40495764227280096,17.16,16.91
GM,309,0.46652601783654934,0.5687037928883973,37.240002,36.59
GS,309,0.244280551632034,0.1637461506155964,162.529999,163.520004
HCA,309,0.4444909324090307,0.8099152845456019,46.830002,45.299999
JNJ,309,0.26812801841425576,0.5967298790565082,93.029999,93.040001
KORS.N,309,1.4792628970544168,0.9785251755612507,80.120003,79.489998
SLB,309,0.4,0.4,93.07,93.230003
MOS,309,0.7070728839477639,3.1900596380233077,46.080002,46.349998
ATVI.O,310,0.612841652637044,1.0620446143036717,16.1,16.84
APA,310,0.0,0.0,89.370003,88.589996
AAPL.O,310,0.26812801841425576,0.5967298790565082,519.580009,512.490021
BA,310,0.649238193904835,0.38599161682011174,133.440002,131.509995
CBS,310,0.5255107960608321,1.229318277622865,58.740002,56.91
CHK,310,1.090679115974284,3.4177425526172986,26.270002,25.4
CSCO.O,310,1.054195836177636,0.6082370830246271,23.41,23.110001
CMCSA.O,310,0.09048374180359596,0.11051709180756478,48.119999,47.240002
DVN,310,0.32928698165641584,1.0932712802343052,61.32,59.759998
DUK,310,0.09048374180359596,0.11051709180756478,73.209999,72.919998
EOG,310,0.38599161682011174,0.649238193904835,179.309998,171.580002
GM,310,0.0,0.0,36.610001,35.919998
GS,310,0.707246970864073,0.35861176021785174,164.039993,159.639999
HAL,310,0.33476429343562997,0.27426324242316114,54.830002,53.900002
HON,310,0.244280551632034,0.1637461506155964,86.730003,85.459999
HUM,310,0.35946317129377725,1.7804327427939743,97.0,95.480003
INTC.O,310,0.18096748360719192,0.22103418361512955,24.370001,24.059999
JPM,310,0.7398040734639806,1.4837550220379012,52.130001,51.650002
LMT,310,0.0,0.0,136.889999,136.199997
MCK,310,0.0,0.0,157.479996,156.289993
MSFT.O,310,0.6591875346919933,0.5770431096441141,37.959999,37.5
MDLZ.O,310,0.1637461506155964,0.244280551632034,33.23,32.09
RL,310,0.4764753586237077,0.7597552857123997,180.25,172.809998
PRU,310,0.22224546620451535,0.40495764227280096,82.230003,83.760002
QCOM.O,310,0.3032653298563167,0.8243606353500641,66.830002,67.089996
RTN,310,0.0,0.0,85.199997,84.269997
SBUX.O,310,0.40495764227280096,0.22224546620451535,81.300003,79.07
TWX,310,0.4499469130973732,1.8909498346015392,67.639996,65.379994
WFC,310,0.3032653298563167,0.8243606353500641,42.560001,41.709999
ATVI.O,311,0.26812801841425576,0.5967298790565082,16.83,17.07
AMZN.O,311,2.2313597207684,2.3483156122785944,345.950012,350.309998
COST.O,311,0.6618770900741684,1.531607606214137,122.209999,122.779999
EOG,311,0.09048374180359596,0.11051709180756478,171.119995,170.960007
XOM,311,0.1637461506155964,0.244280551632034,91.800003,92.730003
JPM,311,1.9719246261214678,4.057591638131287,51.830002,53.959999
K,311,0.22103418361512955,0.18096748360719192,61.919998,62.189999
NFLX.O,311,0.11051709180756478,0.09048374180359596,326.920006,334.900002
NKE,311,0.8243606353500641,0.3032653298563167,75.589996,77.120003
NVDA.O,311,0.4903734846187711,1.001687521329309,15.0,15.56
PCLN.O,311,0.09048374180359596,0.11051709180756478,1055.959961,1073.199951
QCOM.O,311,0.3647469842267571,0.4452813852431947,67.419998,67.449997
KO,311,0.1637461506155964,0.244280551632034,39.740002,40.049999
DIS,311,0.6529083526449817,1.0219779142957341,66.870003,68.580002
WMT,311,2.0026782089984896,0.7644208135665782,77.489998,77.959999
WFC,311,2.0595971243537843,9.164171306125546,41.720001,42.709999
AAPL.O,314,0.1637461506155964,0.244280551632034,519.990005,519.050011
BA,314,0.5497377674357081,0.8935187455368689,133.139999,132.529999
AMZN.O,315,0.3032653298563167,0.8243606353500641,352.98999,349.529999
AAPL.O,315,0.27145122541078787,0.3315512754226943,517.670006,520.009979
ADM,315,0.0,0.0,40.779999,40.419998
BA,315,0.0,0.0,132.399994,132.330002
JNJ,315,0.3032653298563167,0.8243606353500641,93.980003,93.559998
JPM,315,0.26374615061559636,0.34428055163203397,53.93,53.970001
LMT,315,0.580857226422367,1.112204613136874,137.149994,137.229996
MNK,315,0.3032653298563167,0.8243606353500641,45.66,45.130001
SLB,315,0.36591269376653923,2.213642800041255,93.470001,91.989998
DIS,315,0.1637461506155964,0.244280551632034,68.330002,67.769997
WYNN.O,315,0.244280551632034,0.1637461506155964,164.820007,167.380005
AAPL.O,316,0.0,0.0,518.0,520.63002
BAC,316,1.3675345226574664,0.6640512750920458,14.26,14.64
BA,316,1.3226700655133659,5.505044378997519,131.919998,133.169998
CVX,316,0.34760971265398666,1.4096268952293336,119.580002,120.089996
CMCSA.O,316,0.11051709180756478,0.09048374180359596,46.849998,47.389999
DHI,316,0.9,0.9,18.74,19.049999
ICE,316,0.0,0.0,198.190002,199.839993
JNJ,316,0.7189263425875545,3.5608654855879487,93.360001,93.339996
MSFT.O,316,1.3996988087428008,0.8728026468963949,36.98,38.16
NFX,316,0.244280551632034,0.1637461506155964,29.280001,29.610001
SBUX.O,316,0.20100083361116072,0.20100083361116072,79.239998,81.459999
DIS,316,0.0,0.0,67.43,68.970001
YUM,316,1.001687521329309,0.4903734846187711,71.350002,73.19
AMZN.O,317,1.5600759812397889,4.907939018910241,357.390015,367.399994
AAPL.O,317,2.3195133551189926,7.4659221796873005,522.80999,528.160019
BAC,317,0.6952194253079733,2.819253790458667,14.68,14.8
BA,317,1.226146635119297,1.4473154871640785,133.699997,135.089996
CVX,317,0.38599161682011174,0.649238193904835,119.580002,119.559998
CSCO.O,317,1.2911262748255643,4.10417447605298,20.940001,21.370001
FB.O,317,0.35946317129377725,1.7804327427939743,48.700001,48.990002
F,317,0.7490577051164277,2.2970596522761753,17.120001,17.09
GM,317,0.0,0.0,38.700001,38.5
GS,317,0.5747165552671046,1.1559119107727585,163.550003,163.199997
JNJ,317,0.38599161682011174,0.649238193904835,93.400002,93.919998
JNPR.N,317,0.1637461506155964,0.244280551632034,18.620001,19.4
LLY,317,0.1637461506155964,0.244280551632034,50.5,51.029999
LMT,317,0.0,0.0,137.740005,138.289993
M,317,1.8224128131785564,1.8620785121859318,50.689999,50.68
MRK,317,0.6585739633128317,2.1865425604686104,47.52,47.82
MSFT.O,317,0.0,0.0,37.869999,38.02
MDLZ.O,317,1.6652518149202398,3.0569005268652223,33.419998,34.16
NTAP.O,317,0.22224546620451535,0.40495764227280096,41.130001,41.07
ORCL.N,317,0.0,0.0,34.169998,34.380001
PFE,317,0.6585739633128317,2.1865425604686104,31.940001,32.0
PG,317,0.0,0.0,83.43,84.32
RTN,317,0.0,0.0,85.870003,85.68
SBUX.O,317,2.745781581843018,4.292374005471605,81.529999,81.139999
TGT,317,0.26812801841425576,0.5967298790565082,66.5,66.669998
WMT,317,1.0656846441656156,3.897306608887381,77.75,79.080002
AMZN.O,318,0.8171656932447369,0.9978668442810186,367.630005,369.170013
AMAT.O,318,1.001687521329309,0.4903734846187711,17.700001,17.52
BAC,318,0.49123845184678916,0.732841654896102,14.79,14.92
BRKa.N,318,0.11051709180756478,0.09048374180359596,115.339996,116.300003
BA,318,2.0087924186485724,1.3163762299011903,135.360001,136.080002
CBS,318,0.1637461506155964,0.244280551632034,61.040001,60.549999
CVX,318,0.4093653765389909,0.6107013790800849,119.779999,120.059998
CSCO.O,318,2.233659889579938,5.002181203687956,21.459999,21.540001
XOM,318,0.3327625580120801,0.49544138407639693,94.150002,95.269997
FB.O,318,0.11051709180756478,0.09048374180359596,49.110001,49.009998
GM,318,1.1719703480040509,1.7128922250856502,38.509998,38.77
GS,318,0.6887501529501932,2.8737040230282798,163.179993,164.399994
IBM,318,0.666736398613546,1.2148729268184029,182.380005,183.190002
JNPR.N,318,0.7126189508232865,1.40664516360211,19.440001,19.84
KMB,318,0.09048374180359596,0.11051709180756478,111.540004,109.259993
KSS,318,0.32928698165641584,1.0932712802343052,53.290001,53.950001
LMT,318,0.9006803299269883,2.5143617946408776,137.929993,137.449997
M,318,0.7135224064205259,3.6232696952705887,50.41,51.09
MCD,318,0.25422989241919236,0.35479764343959874,97.449997,96.919998
MCK,318,0.09048374180359596,0.11051709180756478,159.649994,160.149994
MSFT.O,318,2.0019769307890996,1.7555194951947262,37.950001,37.84
SLB,318,0.26812801841425576,0.5967298790565082,93.389999,92.980003
TGT,318,0.1637461506155964,0.244280551632034,66.690002,66.889999
WMT,318,1.1264193248971839,2.111171474519293,78.93,79.220001
BA,321,1.0906791159742841,3.417742552617299,140.25,138.360001
F,321,0.5,0.5,17.07,16.98
ABBV.N,322,0.7318253875330785,4.42728560008251,48.73,48.459999
AAPL.O,322,1.6285756917826946,4.225776122637077,519.029984,519.549995
BAC,322,0.6508750425103034,2.2339875305793977,14.98,15.2
BAX,322,0.34760971265398666,1.4096268952293336,68.609996,69.119996
BA,322,0.8456565906937337,1.7558548078422023,138.5,136.979996
C,322,0.18096748360719192,0.22103418361512955,50.759998,51.169998
FCX,322,0.0,0.0,36.419998,36.400002
GE,322,0.49544138407639693,0.3327625580120801,27.129999,27.030001
GS,322,0.2914845754147567,0.31151792541872547,165.869995,166.600006
HPQ,322,0.0,0.0,25.229999,24.989999
IP,322,0.09048374180359596,0.11051709180756478,45.310006,45.200005
LMT,322,0.1637461506155964,0.244280551632034,138.110001,138.970001
MDT,322,0.5967298790565082,0.26812801841425576,57.849998,57.939999
MRK,322,0.34760971265398666,1.4096268952293336,48.049999,48.07
MSFT.O,322,1.278044077532924,2.928548033741132,36.849998,36.740002
MS,322,0.4752640760343219,0.5357651270467907,30.360001,30.34
PRGO.N,322,0.0,0.0,152.759995,152.210007
CRM,322,0.7000021874441079,1.4377403097450503,55.369999,52.740002
TSN,322,0.7230360533163285,2.028149007391934,29.360001,30.780001
URBN.O,322,0.6618770900741684,1.531607606214137,38.540001,39.310001
VZ,322,0.35861176021785174,0.707246970864073,50.830002,50.779999
WMT,322,0.11051709180756478,0.09048374180359596,79.300003,79.25
AAPL.O,323,1.6761764228764495,3.8514397757263312,519.229988,514.999985
ADSK.O,323,0.0,0.0,42.5,42.34
BAC,323,0.1637461506155964,0.244280551632034,15.25,15.14
BBY,323,3.579009076171067,1.171694783931681,39.009998,38.709999
BA,323,0.4380093930387575,0.579044845067664,135.800003,132.449997
CPB,323,2.7609174580889735,2.811101330822814,39.130001,38.599998
CAT,323,0.3032653298563167,0.8243606353500641,83.18,82.68
CTL,323,0.3327625580120801,0.49544138407639693,32.080002,31.799999
CVX,323,0.9801620241667193,3.327258810813703,122.160004,122.0
DVN,323,0.35422989241919234,0.4547976434395987,65.059998,62.75
XOM,323,1.8855760108214858,3.267654923403297,95.75,94.68
F,323,1.6433359806110879,0.9763509905433734,16.889999,16.92
GE,323,0.11051709180756478,0.09048374180359596,26.99,26.959999
GM,323,0.36591269376653923,2.213642800041255,38.110001,37.689999
GS,323,1.4118075373573933,3.0018104425531327,166.759995,165.0
HD,323,0.5770431096441141,0.6591875346919933,80.730003,79.75
IBM,323,0.11051709180756478,0.09048374180359596,185.220001,185.190002
JNJ,323,0.6952194253079733,2.819253790458667,94.940002,95.150002
LMT,323,0.11051709180756478,0.09048374180359596,138.839996,137.190002
MDT,323,0.5475458814883507,0.9881067859656605,58.040001,56.889999
MRK,323,0.5967298790565082,0.26812801841425576,47.98,48.130001
MSFT.O,323,2.7094564834215524,3.513831716003992,36.919998,37.080002
MDLZ.O,323,0.22224546620451535,0.40495764227280096,33.77,33.490002
MS,323,0.49851044405122635,0.5185437940551951,30.48,30.27
NWSA.DF,323,0.0,0.0,17.540001,17.67
NWS.O,323,0.0,0.0,17.75,17.85
RTN,323,6.249730701957336,4.74345774798171,85.769997,85.5
AAPL.O,324,0.32928698165641584,1.0932712802343052,517.599991,521.139992
T,324,1.0643499790013764,1.5878235856082208,35.450001,35.299999
BBY,324,3.6766297584565413,1.3541630839423786,38.959999,39.07
BA,324,1.5432181933316784,2.220236816257955,132.449997,132.929993
CPB,324,0.26812801841425576,0.5967298790565082,38.630001,38.889999
DHI,324,0.22103418361512955,0.18096748360719192,19.129999,19.440001
DE,324,1.2796163203996902,2.4676966159611515,84.669998,83.849998
DVN,324,0.5255107960608321,1.229318277622865,63.220001,62.599998
XOM,324,0.6549846024623855,0.977122206528136,94.849998,94.690002
F,324,1.3647225056450931,0.6608382570791101,17.01,17.09
GD,324,0.09048374180359596,0.11051709180756478,90.0,91.099998
GE,324,0.5,0.5,27.02,26.91
GM,324,0.244280551632034,0.1637461506155964,38.849998,38.119999
GS,324,5.3461427558908445,11.428170241053246,165.25,167.070007
PCLN.O,324,0.4490955020214477,0.8177640626716377,1157.640015,1159.109985
QCOM.O,324,0.5550080242165955,0.9003990263491979,70.400002,71.709999
SJM,324,1.5106355918356302,3.00244904712406,100.040001,103.019997
SPLS.O,324,0.5362560368285115,1.1934597581130164,15.22,15.5
DIS,324,0.1,0.1,69.459999,69.940002
TJX,324,0.09048374180359596,0.11051709180756478,63.25,63.990002
VZ,324,0.9737745200855482,1.0543089211019858,50.599998,50.380001
WMT,324,1.3426422278771433,0.6032880414320754,78.739998,78.860001
WFC,324,6.103475783092275,1.921595490917852,43.810001,44.080002
AMZN.O,325,0.0,0.0,370.0,372.309998
APA,325,0.0,0.0,93.989998,94.419998
AAPL.O,325,5.169629786041905,7.972981969572181,519.519981,519.799988
BA,325,2.4667972369259425,7.179451595451971,133.490005,135.970001
DHR,325,0.11051709180756478,0.09048374180359596,74.420001,74.649999
DRI,325,0.09048374180359596,0.11051709180756478,53.5,53.869999
DVN,325,0.09048374180359596,0.11051709180756478,63.040001,62.57
DLTR.O,325,0.580857226422367,1.112204613136874,56.830002,56.860001
DD,325,1.112204613136874,0.580857226422367,61.58,61.699996
EXPE.O,325,0.3315512754226943,0.27145122541078787,62.709999,62.049999
F,325,1.0309494681607314,0.6254584160162227,17.120001,17.01
BEN,325,0.0,0.0,54.990002,55.650002
FCX,325,0.0,0.0,36.200001,36.099998
GPS,325,0.8547977777172479,2.32258955785717,41.490002,41.310001
GM,325,0.49851044405122635,0.5185437940551951,38.200001,37.630001
GS,325,0.244280551632034,0.1637461506155964,166.770004,168.100006
HBI,325,0.32928698165641584,1.0932712802343052,69.5,70.290001
HOLX.O,325,1.4702789977723378,3.330742132077213,22.629999,22.57
HON,325,0.09048374180359596,0.11051709180756478,87.870003,88.800003
INTC.O,325,0.6090275358587911,0.6090275358587911,24.5,23.870001
JNJ,325,0.11051709180756478,0.09048374180359596,94.389999,95.25
JPM,325,1.0858920810858934,1.0458253810779559,57.25,57.459999
LMT,325,1.1889066056888966,5.4317819701855194,139.070007,140.880005
MU.O,325,0.09048374180359596,0.11051709180756478,19.91,20.190001
MSFT.O,325,2.4831125167701202,5.2162029150530635,37.529999,37.57
MS,325,0.1637461506155964,0.244280551632034,30.92,31.34
NFLX.O,325,0.0,0.0,348.830013,347.849991
OMC,325,1.1992546051438506,3.454425697959746,71.620003,71.739998
ROST.O,325,0.09048374180359596,0.11051709180756478,74.300003,75.669998
TGT,325,1.0464186438187473,4.0494265888520165,63.610001,63.700001
WMT,325,0.1637461506155964,0.244280551632034,78.870003,79.809998
GE,328,0.0,0.0,27.139999,26.73
GS,328,0.22224546620451535,0.40495764227280096,168.5,169.479996
HOG,328,0.4,0.4,67.510002,67.440002
MS,328,0.22224546620451535,0.40495764227280096,31.379999,31.540001
NKE,328,0.0,0.0,79.059998,79.129997
AAPL.O,329,0.5515324478609311,1.4982289225071062,524.11998,533.399979
BAC,329,0.09048374180359596,0.11051709180756478,15.84,15.88
CVX,329,0.32928698165641584,1.0932712802343052,123.410004,122.779999
C,329,0.32928698165641584,1.0932712802343052,53.099998,53.009998
DAL,329,0.09048374180359596,0.11051709180756478,29.18,29.040001
FB.O,329,0.40495764227280096,0.22224546620451535,44.66,45.889999
GM,329,0.0,0.0,37.700001,37.669998
HPQ,329,0.09048374180359596,0.11051709180756478,25.209998,25.089999
ITW,329,0.0,0.0,79.300003,79.279999
JNJ,329,0.09048374180359596,0.11051709180756478,95.580002,95.059998
MU.O,329,0.0,0.0,19.93,20.309999
MS,329,0.11051709180756478,0.09048374180359596,31.540001,31.389999
QCOM.O,329,0.0,0.0,72.690002,73.650002
WMT,329,0.8823101749239807,1.2623700283888215,80.440002,80.68
AMZN.O,330,0.32928698165641584,1.0932712802343052,383.5,386.709991
AAPL.O,330,0.36591269376653923,2.213642800041255,536.310005,545.959999
BAC,330,0.6508750425103034,2.2339875305793977,15.87,15.83
BA,330,1.3475011726534976,0.6840846250960146,135.050003,134.720001
CVX,330,0.34760971265398666,1.4096268952293336,122.620003,122.419998
CME.O,330,0.09048374180359596,0.11051709180756478,82.440002,82.309998
FB.O,330,0.0,0.0,45.970001,46.490002
F,330,0.8243606353500641,0.3032653298563167,16.860001,17.030001
GE,330,0.25422989241919236,0.35479764343959874,26.83,26.83
GS,330,0.40495764227280096,0.22224546620451535,168.050003,168.220001
HPQ,330,2.0347128875202403,1.2557688536174685,26.819998,27.359998
ITW,330,0.8991421605149178,2.90785581773644,79.540001,79.5
INTC.O,330,0.6585739633128317,2.1865425604686104,23.639999,23.9
LMT,330,0.819660466275187,2.0949588015636142,142.089996,143.940002
MCK,330,0.0,0.0,165.100006,165.5
MS,330,0.5967298790565082,0.26812801841425576,31.4,31.41
MYL.A,330,0.3032653298563167,0.8243606353500641,44.5,44.139999
OMC,330,0.0,0.0,71.809998,71.519997
QCOM.O,330,0.22224546620451535,0.40495764227280096,73.239998,73.559998
TMO,330,1.4210905144065724,0.5713933482705724,101.519997,101.0
TIF,330,0.6713933482705725,1.5210905144065723,88.150002,88.160004
AAPL.O,332,0.35946317129377725,1.7804327427939743,549.480026,556.069977
ADM,332,0.6157377310682424,2.006356774285842,40.900002,40.25
XOM,332,0.34760971265398666,1.4096268952293336,93.650002,93.480003
HPQ,332,0.8461677806778924,1.4874631861954528,27.04,27.349998
M,332,0.3127292080081113,0.5154747340803657,54.07,53.259998
MON,332,0.36591269376653923,2.213642800041255,114.239998,113.330002
ADM,335,0.5255107960608321,1.229318277622865,40.330002,40.849998
FCX,335,0.26812801841425576,0.5967298790565082,34.68,34.259998
M,335,0.22224546620451535,0.40495764227280096,52.990002,52.439999
DIS,335,0.40495764227280096,0.22224546620451535,70.790001,70.910004
MMM,336,0.0,0.0,126.059998,126.599998
AKAM.O,336,0.37864511022182057,0.6872136208601042,43.919998,45.650002
AMZN.O,336,0.7529083526449817,1.1219779142957342,390.109985,384.660004
AAPL.O,336,0.40495764227280096,0.22224546620451535,558.299988,566.319984
ADM,336,0.6032880414320754,1.3426422278771433,40.82,41.099998
BIIB.O,336,0.22224546620451535,0.40495764227280096,294.170013,287.76001
CMCSA.O,336,0.0,0.0,49.27,48.77
COP,336,0.6952194253079733,2.819253790458667,72.470001,72.470001
GLW,336,0.9,0.9,16.98,16.780001
DOW,336,0.26812801841425576,0.5967298790565082,39.810001,38.720001
F,336,0.09048374180359596,0.11051709180756478,17.049999,16.559999
GS,336,0.5362560368285115,1.1934597581130164,169.089996,168.050003
JPM,336,0.5362560368285115,1.1934597581130164,56.889999,56.860001
LMT,336,0.6008905764263359,1.092171263132905,139.309998,138.770004
MRK,336,0.4903734846187711,1.001687521329309,49.82,49.759998
MSFT.O,336,0.0,0.0,38.139999,38.310001
LUV,336,0.0,0.0,18.540001,18.280001
DIS,336,0.1637461506155964,0.244280551632034,70.220001,69.900002
WMT,336,0.5967298790565082,0.26812801841425576,81.209999,81.209999
YUM,336,1.4531593196847081,0.6937717832356713,75.400003,75.610003
AET,337,0.09048374180359596,0.11051709180756478,67.400002,66.290001
AMZN.O,337,1.4417530477633405,3.1464035473527923,383.5,385.959991
AAPL.O,337,0.25422989241919236,0.35479764343959874,565.499992,565.000008
BA,337,0.4581268044615514,1.5001106370329296,131.729996,131.5
CELG.O,337,0.5255107960608321,1.229318277622865,159.5,160.070007
CMCSA.O,337,0.0,0.0,48.709999,48.880001
DHI,337,0.3032653298563167,0.8243606353500641,18.92,19.08
EBAY.O,337,0.22224546620451535,0.40495764227280096,51.289999,51.089999
FB.O,337,3.2151621407499915,9.812968540062643,46.459999,48.619999
UNH,337,0.09048374180359596,0.11051709180756478,73.019997,73.650002
YUM,337,0.1637461506155964,0.244280551632034,75.660004,75.660004
AAPL.O,338,1.7223561032374448,0.8630844467343524,572.650009,567.899994
ADM,338,0.0,0.0,41.700001,41.470001
T,338,0.09048374180359596,0.11051709180756478,34.419998,34.25
ADP.O,338,5.061782186541417,4.591289207696434,78.95,78.530001
BAC,338,0.7581268044615513,1.8001106370329296,15.61,15.43
BA,338,0.0,0.0,131.259995,132.729996
CF,338,1.7804327427939743,0.35946317129377725,238.290005,235.620003
C,338,0.09048374180359596,0.11051709180756478,51.610001,51.060001
CTSH.O,338,0.11051709180756478,0.09048374180359596,93.349998,93.779999
ED,338,0.5967298790565082,0.26812801841425576,55.360001,54.959999
EMR,338,0.0,0.0,66.330002,66.449997
ESS,338,0.26812801841425576,0.5967298790565082,150.649994,154.220001
FB.O,338,0.09048374180359596,0.11051709180756478,48.150002,48.34
FITB.O,338,0.7070728839477639,3.1900596380233077,19.870001,19.82
GGP,338,0.0,0.0,21.219999,20.82
GM,338,0.849850212064641,1.440088625760175,38.990002,39.09
GS,338,0.3032653298563167,0.8243606353500641,167.410004,165.559998
HPQ,338,0.4197707234600118,1.20378837204187,28.149998,27.249999
LMT,338,0.22224546620451535,0.40495764227280096,136.259995,136.660004
MSFT.O,338,0.11051709180756478,0.09048374180359596,38.849998,38.0
MS,338,0.5362560368285115,1.1934597581130164,30.74,30.209999
NFLX.O,338,0.18096748360719192,0.22103418361512955,357.799992,358.059998
PFE,338,0.11051709180756478,0.09048374180359596,31.120001,31.25
PM,338,0.1,0.1,85.690002,85.510002
KO,338,0.1637461506155964,0.244280551632034,40.279999,39.830002
DIS,338,0.0,0.0,70.290001,70.230003
VZ,338,0.09048374180359596,0.11051709180756478,49.18,48.91
WMT,338,0.41797604303478875,0.5990781950716327,79.720001,79.440002
WFC,338,0.37864511022182057,0.6872136208601042,43.619999,43.25
YUM,338,3.4747694273795013,1.4001694741877213,75.100004,74.390002
AAPL.O,339,0.25422989241919236,0.35479764343959874,565.789986,560.019974
BAC,339,0.35946317129377725,1.7804327427939743,15.61,15.56
BA,339,0.4670114804719131,1.0686411869820982,134.580002,135.179993
COP,339,0.0,0.0,71.18,70.769997
COST.O,339,0.0,0.0,122.0,122.059998
DG,339,0.0,0.0,60.560001,60.200001
EMR,339,0.8243606353500641,0.3032653298563167,66.669998,67.18
F,339,1.330974502985725,1.5836447648530765,16.92,16.700001
GPS,339,0.35946317129377725,1.7804327427939743,40.080002,39.459999
GE,339,0.0,0.0,26.77,26.940001
GM,339,1.4785509611837335,3.000088283704337,39.990002,40.169998
GS,339,1.6751718466947314,2.1157327511720414,167.580002,167.210007
INTU.O,339,0.8243606353500641,0.3032653298563167,74.769997,74.910004
JPM,339,0.8043840552427672,1.7901896371695245,56.57,56.060001
KR,339,0.8648578974707639,0.8648578974707639,40.490002,40.439999
LLY,339,0.6585739633128317,2.1865425604686104,50.34,50.630001
MRK,339,1.042011264299703,0.6328750026410129,49.130001,49.389999
MSFT.O,339,1.7031980774830475,5.355407818205638,38.419998,38.360001
MS,339,0.7962984621283289,2.1619124672164034,30.76,30.459999
PFE,339,0.32928698165641584,1.0932712802343052,31.549999,31.540001
STX.O,339,0.0,0.0,50.599998,51.419998
LUV,339,0.0,0.0,18.18,18.309999
WMT,339,0.0,0.0,79.709999,79.940002
WDC.O,339,0.0,0.0,77.800003,78.910004
ABBV.N,342,0.3032653298563167,0.8243606353500641,51.450001,51.209999
BA,342,0.40495764227280096,0.22224546620451535,135.490005,134.679993
JNJ,342,0.244280551632034,0.1637461506155964,94.300003,94.440002
NKE,342,0.11051709180756478,0.09048374180359596,79.93,79.779999
DIS,342,1.4206166636256867,0.8538563089480216,71.360001,71.110001
AAPL.O,343,1.7184443925986264,2.963457296662325,563.580002,565.54998
BA,343,0.5687037928883973,0.46652601783654934,133.649994,133.699997
BSX,343,0.6585739633128317,2.1865425604686104,11.68,11.58
SCHW.N,343,0.6201425861857316,2.568440443480854,24.91,24.83
CMCSA.O,343,0.25422989241919236,0.35479764343959874,49.240002,49.389999
ETR,343,0.09048374180359596,0.11051709180756478,62.110001,61.299999
ESS,343,0.09048374180359596,0.11051709180756478,154.5,152.630005
FB.O,343,0.0,0.0,48.639999,50.25
GM,343,1.5362298559965155,3.251127959488519,40.549999,40.400002
GS,343,0.7970144015162294,1.8592383625076931,167.869995,169.729996
JPM,343,0.0,0.0,56.490002,56.700001
MCD,343,0.8973474800896948,2.3031456407662025,95.690002,95.43
MRK,343,0.7253758650603165,3.9940755428352297,49.279999,49.43
OXY,343,0.5967298790565082,0.26812801841425576,93.150005,92.490002
PNR,343,0.0,0.0,70.870003,71.639999
PFE,343,0.3274923012311928,0.488561103264068,31.41,31.34
QCOM.O,343,0.5967298790565082,0.26812801841425576,73.300003,73.379997
SJP.L,343,0.22103418361512955,0.18096748360719192,59.130001,59.41
SYY,343,0.27426324242316114,0.33476429343562997,36.970001,36.959999
TXN.O,343,0.5974150000706716,1.6900011592908135,43.490002,43.41
MOS,343,0.0,0.0,45.889999,45.349998
ABBV.N,344,0.6340407121807949,2.8103726790977634,52.669998,52.669998
AZO,344,0.38599161682011174,0.649238193904835,470.859985,467.790009
